"ReferenceName","SpeciesName"
"440","1"
"1133","4"
"440","4"
"1133","3"
"440","3"
"1133","2"
"440","2"
"1133","5"
"440","5"
"857","9"
"1133","11"
"440","11"
"1133","13"
"440","13"
"931","13"
"1133","14"
"440","14"
"931","14"
"1133","12"
"931","12"
"1133","123"
"440","123"
"1133","121"
"440","121"
"1133","122"
"440","122"
"440","124"
"1133","112"
"440","112"
"1133","113"
"440","113"
"1133","33"
"440","33"
"1133","106"
"440","106"
"1133","38"
"440","38"
"1133","37"
"440","37"
"1133","70"
"440","70"
"1133","16"
"440","16"
"1133","46"
"440","46"
"1133","120"
"440","120"
"1133","51"
"440","51"
"1133","65"
"440","65"
"1133","66"
"440","66"
"1133","67"
"440","67"
"440","68"
"1133","69"
"440","69"
"1133","10"
"440","10"
"440","17"
"440","19"
"440","21"
"440","23"
"440","18"
"440","25"
"440","125"
"440","126"
"440","26"
"440","22"
"256","20"
"1133","6"
"440","6"
"1133","7"
"440","7"
"1133","8"
"440","8"
"1133","62"
"440","62"
"1133","55"
"440","55"
"1133","57"
"440","57"
"1133","54"
"440","54"
"1","58"
"1133","59"
"440","59"
"1133","52"
"440","52"
"1133","56"
"440","56"
"1133","61"
"440","61"
"1133","53"
"440","53"
"1","60"
"1133","15"
"440","15"
"1133","32"
"440","32"
"1133","31"
"440","31"
"439","31"
"36","31"
"919","31"
"1133","35"
"440","35"
"931","35"
"931","36"
"1133","34"
"440","34"
"931","34"
"1133","27"
"440","27"
"1133","39"
"440","39"
"1133","105"
"440","105"
"1133","42"
"1133","40"
"440","40"
"1133","41"
"440","41"
"1133","43"
"440","43"
"1133","44"
"440","44"
"440","45"
"1133","47"
"1133","48"
"440","48"
"1133","49"
"1133","50"
"440","50"
"440","108"
"1133","63"
"440","63"
"1133","64"
"440","64"
"1133","72"
"440","72"
"1133","75"
"440","75"
"1133","73"
"440","73"
"1133","74"
"440","74"
"1133","71"
"440","71"
"1133","76"
"440","76"
"440","97"
"440","90"
"440","80"
"440","85"
"440","83"
"440","87"
"440","78"
"440","99"
"440","81"
"440","88"
"440","128"
"440","98"
"440","93"
"440","77"
"440","103"
"440","79"
"440","82"
"440","101"
"440","96"
"440","129"
"440","130"
"440","86"
"440","94"
"440","127"
"440","104"
"440","84"
"440","100"
"440","89"
"440","92"
"440","102"
"440","95"
"440","91"
"440","109"
"440","110"
"440","107"
"440","111"
"440","114"
"1133","114"
"440","115"
"1133","115"
"440","116"
"1133","116"
"440","118"
"1133","118"
"440","117"
"1133","117"
"440","119"
"1133","119"
