"SchoolingID","ReferenceName"
"65","967"
"65","842"
"65","817"
"20","967"
"20","842"
"20","305"
"20","541"
"20","350"
"20","817"
"18","842"
"18","1159"
"18","436"
"15","350"
"16","1159"
"17","1346"
"19","443"
"14","895"
"14","967"
"14","842"
"14","305"
"14","541"
"14","436"
"13","454"
"8","350"
"8","436"
"10","842"
"10","1159"
"9","1159"
"11","492"
"12","492"
"143","443"
"143","1285"
"143","211"
"143","842"
"50","842"
"50","443"
"51","443"
"52","1278"
"52","842"
"52","443"
"156","810"
"156","842"
"156","817"
"157","439"
"157","261"
"75","842"
"74","261"
"74","842"
"40","290"
"40","244"
"148","178"
"148","470"
"149","261"
"149","842"
"149","290"
"149","244"
"149","717"
"149","344"
"49","842"
"49","290"
"25","842"
"101","842"
"102","842"
"76","842"
"77","650"
"1","443"
"1","339"
"1","351"
"1","842"
"2","339"
"2","842"
"3","339"
"3","842"
"31","40"
"32","528"
"33","436"
"33","339"
"33","230"
"33","1314"
"33","1424"
"33","40"
"33","1121"
"33","609"
"33","528"
"33","1381"
"33","1203"
"33","1422"
"33","982"
"33","506"
"33","1122"
"33","256"
"33","842"
"35","1181"
"36","394"
"36","942"
"36","230"
"36","1314"
"36","1347"
"36","610"
"36","817"
"36","335"
"36","842"
"37","443"
"38","394"
"38","339"
"38","193"
"38","1121"
"38","1122"
"38","842"
"53","595"
"54","609"
"54","394"
"54","339"
"54","1314"
"54","40"
"54","1347"
"54","610"
"54","1106"
"54","351"
"54","613"
"54","842"
"55","443"
"55","339"
"55","817"
"55","842"
"60","817"
"61","443"
"61","339"
"61","1314"
"61","1347"
"61","842"
"90","170"
"90","506"
"91","506"
"92","394"
"92","443"
"92","230"
"92","1314"
"92","40"
"92","1347"
"92","78"
"92","80"
"92","351"
"92","842"
"99","211"
"100","394"
"100","339"
"100","1347"
"100","78"
"100","842"
"34","394"
"34","339"
"34","942"
"34","1314"
"34","40"
"34","1121"
"34","1373"
"34","78"
"34","817"
"34","506"
"34","1122"
"34","842"
"97","40"
"87","1"
"29","1"
"30","1"
"93","1"
"88","1"
"39","1"
"59","1"
"64","1"
"98","1"
"94","1"
"96","1"
"95","1"
"66","1"
"152","1"
"78","197"
"78","198"
"42","817"
"43","817"
"43","1273"
"43","1001"
"43","443"
"44","211"
"44","1431"
"44","96"
"44","1430"
"47","1283"
"48","817"
"48","96"
"48","827"
"48","443"
"67","454"
"67","230"
"67","443"
"68","817"
"68","96"
"69","1275"
"70","1273"
"45","817"
"45","609"
"45","443"
"45","842"
"46","1276"
"79","842"
"80","817"
"80","612"
"80","203"
"80","1347"
"80","609"
"80","443"
"142","817"
"142","609"
"142","324"
"142","443"
"23","817"
"23","443"
"72","1320"
"73","967"
"73","453"
"73","982"
"73","1260"
"73","1378"
"73","1324"
"73","1320"
"73","454"
"153","178"
"154","983"
"155","842"
"155","983"
"147","453"
"147","454"
"56","1175"
"57","1175"
"58","842"
"58","178"
"58","211"
"28","817"
"26","540"
"26","172"
"27","1401"
"27","453"
"27","822"
"27","211"
"27","1337"
"27","230"
"27","1347"
"27","851"
"27","173"
"27","615"
"27","399"
"27","394"
"27","609"
"27","662"
"27","443"
"27","842"
"62","286"
"63","612"
"63","851"
"63","615"
"21","1235"
"21","1366"
"21","842"
"22","817"
"22","1235"
"22","436"
"22","211"
"22","1033"
"22","443"
"41","577"
"41","1235"
"41","436"
"41","39"
"41","1426"
"41","914"
"41","1307"
"41","842"
"71","817"
"71","211"
"71","443"
"103","817"
"103","211"
"103","228"
"103","443"
"144","615"
"145","817"
"145","39"
"145","230"
"145","365"
"145","615"
"145","595"
"145","609"
"145","443"
"158","615"
"104","847"
"104","842"
"105","87"
"105","817"
"105","443"
"106","562"
"106","842"
"107","942"
"108","1110"
"109","536"
"110","230"
"110","562"
"110","795"
"111","981"
"111","1110"
"112","536"
"112","1122"
"113","989"
"114","1110"
"114","842"
"115","230"
"115","942"
"115","562"
"115","795"
"116","1110"
"117","1347"
"117","40"
"118","40"
"118","1307"
"119","244"
"119","1110"
"120","981"
"120","1110"
"121","989"
"122","1130"
"123","1267"
"123","981"
"123","577"
"123","562"
"123","509"
"123","1380"
"123","1381"
"123","1500"
"123","1379"
"123","369"
"123","842"
"124","1110"
"125","849"
"125","1307"
"126","942"
"126","1267"
"126","609"
"126","1130"
"126","562"
"126","1110"
"126","1500"
"126","369"
"126","934"
"126","613"
"126","443"
"126","1307"
"127","1156"
"127","1110"
"128","577"
"128","989"
"128","842"
"129","244"
"129","1110"
"130","1267"
"131","230"
"131","1110"
"132","244"
"133","1110"
"134","244"
"134","1110"
"135","40"
"136","849"
"137","817"
"138","230"
"138","942"
"138","1267"
"138","562"
"138","1110"
"138","443"
"138","842"
"139","244"
"140","705"
"141","244"
"141","705"
"81","303"
"82","1285"
"83","295"
"83","817"
"83","842"
"84","335"
"85","394"
"85","1347"
"85","859"
"86","1347"
"146","1285"
"146","453"
"146","211"
"146","469"
"146","443"
"24","1"
"163","1"
"89","842"
"89","453"
"4","211"
"5","1398"
"6","443"
"7","211"
"159","1216"
"160","443"
"161","615"
"162","1398"
"126","1501"
"123","1501"
