"ReferenceName","HomingInfo"
"940","1"
"1097","1"
"762","42"
"762","14"
"1356","17"
"762","43"
"607","8"
"608","9"
"607","10"
"518","11"
"1340","28"
"120","30"
"338","29"
"44","12"
"273","18"
"1108","19"
"907","20"
"685","21"
"1431","13"
"581","22"
"346","41"
"176","6"
"394","6"
"581","7"
"285","15"
"105","2"
"591","31"
"904","31"
"908","31"
"562","32"
"904","33"
"905","33"
"908","33"
"562","34"
"563","34"
"1307","34"
"904","35"
"905","35"
"908","35"
"293","36"
"942","37"
"1","38"
"244","39"
"244","40"
"436","23"
"1285","24"
"1097","25"
"868","26"
"1470","27"
"1104","3"
"593","4"
"106","5"
"106","44"
